Name,PCA,IncrementalPCA,RandomTreesEmbedding,SelectKBest,SpectralEmbedding,TruncatedSVD,LDA,LLE,KPCA,t-SNE
Apple_Stock_Price_Trends_(2014-2023)_did46420,0.363,0.363,0.3465,0.367,0.37,0.363,0.3595,0.36,0.349,0.363
CPMP-2015-runtime-classification_did41919,0.5180772686433064,0.5352021563342317,0.5179514824797844,0.5351123090745732,0.5123450134770889,0.5352021563342317,0.5029290206648697,0.5483917340521114,0.5161545372866128,0.5142857142857143
CastMetal1_did1447,0.8472261072261074,0.8472261072261074,0.8593006993006993,0.8716550116550117,0.8776689976689976,0.8472261072261074,0.8564102564102564,0.8806993006993007,0.8502564102564103,0.8562237762237762
CostaMadre1_did1446,0.8242937853107346,0.8242937853107346,0.8682485875706215,0.8749717514124293,0.8479661016949154,0.8242937853107346,0.8615254237288136,0.8817514124293785,0.8343502824858756,0.8444632768361583
Creditability-German-Credit-Data_did46416,0.7289999999999999,0.7289999999999999,0.7230000000000001,0.76,0.711,0.7289999999999999,0.682,0.682,0.735,0.7329999999999999
German-Credit-Data-Creditability-2_did46482,0.7289999999999999,0.7289999999999999,0.7230000000000001,0.76,0.711,0.7289999999999999,0.682,0.682,0.735,0.7329999999999999
Higgs_seed_0_nrows_2000_nclasses_10_ncols_100_stratify_True_did44417,0.5455,0.5455,0.533,0.624,0.5519999999999999,0.5455,0.487,0.5486666666666666,0.5375,0.5535
MagicTelescope_seed_0_nrows_2000_nclasses_10_ncols_100_stratify_True_did44397,0.749,0.749,0.747,0.7834999999999999,0.7370000000000001,0.7495,0.7515000000000001,0.7013333333333334,0.769,0.7585
MeanWhile1_did1449,0.8854901960784314,0.8854901960784314,0.8893333333333333,0.9050980392156862,0.8893333333333333,0.8854901960784314,0.8695686274509804,0.8972549019607843,0.8894117647058823,0.8894117647058823
MegaWatt1_did1442,0.8854901960784314,0.8854901960784314,0.8893333333333333,0.9050980392156862,0.8893333333333333,0.8854901960784314,0.8695686274509804,0.8972549019607843,0.8894117647058823,0.8894117647058823
PieChart1_did1451,0.900709219858156,0.900709219858156,0.9148936170212766,0.9234042553191488,0.90354609929078,0.900709219858156,0.900709219858156,0.9134751773049644,0.8992907801418439,0.9106382978723404
PizzaCutter1_did1443,0.9213146502620184,0.9213146502620184,0.92282980177717,0.9303941672362724,0.9152882205513786,0.9213146502620184,0.9213488266119846,0.9288790157211207,0.9258373205741626,0.922818409660515
Pumpkin_Seeds_did46951,0.8705,0.8705,0.869,0.8734999999999999,0.8745,0.8705,0.8135,0.8873333333333333,0.868,0.8714999999999999
SPECTF_did337,0.713416149068323,0.713416149068323,0.6818633540372672,0.8024430641821947,0.7363975155279503,0.7105590062111802,0.7767287784679089,0.7935817805383023,0.7880331262939959,0.7648447204968944
Titanic_did40704,0.738,0.738,0.747,0.7870000000000001,0.7505,0.7835000000000001,0.744,0.7766666666666667,0.7579999999999999,0.7709999999999999
air-quality-and-pollution-assessment_did46762,0.916,0.916,0.9055,0.9295,0.9245,0.9155,0.853,0.8113333333333334,0.9205,0.9275
algerian_forest_fires_did46279,0.9136054421768708,0.9136054421768708,0.9013605442176872,0.950765306122449,0.8726190476190474,0.9136054421768708,0.8312074829931972,0.9178571428571428,0.9217687074829932,0.8969387755102041
analcatdata_supreme_did728,0.9945,0.9945,0.9945,0.9955000000000002,0.993,0.996,0.995,0.9953333333333332,0.995,0.9945
autoUniv-au1-1000_did1547,0.7399999999999999,0.7399999999999999,0.7390000000000001,0.772,0.7220000000000001,0.7399999999999999,0.6990000000000001,0.7139999999999999,0.752,0.742
balance-scale_did11,0.8288,0.8208,0.8224,0.8224,0.8240000000000001,0.6768,0.8144,0.6656000000000001,0.8432000000000001,0.8304
balloon_did914,0.8094999999999999,0.8094999999999999,0.7985,0.8089999999999999,0.818,0.8094999999999999,0.759,0.784,0.6864999999999999,0.8205
banana_did1460,0.893,0.893,0.8939999999999999,0.8925000000000001,0.8859999999999999,0.6965,0.6835000000000001,0.596,0.893,0.8924999999999998
bank-marketing_seed_0_nrows_2000_nclasses_10_ncols_100_stratify_True_did44402,0.7505,0.7505,0.7335,0.7649999999999999,0.7369999999999999,0.7505000000000001,0.6745,0.7353333333333334,0.75,0.7455
banknote-authentication_did1462,0.972307896483079,0.972307896483079,0.99635301924353,0.9992700729927008,0.9985401459854014,0.972307896483079,0.9424127405441274,0.9846927670869278,0.9985401459854014,0.9985401459854014
blood-transfusion-service-center_did1464,0.7780939597315437,0.779427293064877,0.7486711409395974,0.7780671140939598,0.7433378076062639,0.779427293064877,0.7486442953020134,0.7500134228187919,0.7767337807606264,0.7834362416107382
bodyfat_did778,0.8574901960784314,0.8574901960784314,0.8055686274509805,0.996078431372549,0.8334901960784313,0.8574901960784314,0.6267450980392157,0.8416470588235294,0.8694901960784314,0.8570196078431372
breast-w_did15,0.9627852004110996,0.9627852004110996,0.6738232271325796,0.9742343268242548,0.9728263103802672,0.9627852004110996,0.958530318602261,0.9499280575539568,0.9656423432682424,0.9642343268242548
california_seed_0_nrows_2000_nclasses_10_ncols_100_stratify_True_did44362,0.733,0.733,0.8225,0.8029999999999999,0.7384999999999999,0.733,0.5915,0.7013333333333333,0.7755,0.7785
chatfield_4_did820,0.851063829787234,0.851063829787234,0.7021276595744681,0.9234042553191488,0.8425531914893616,0.851063829787234,0.8,0.8638297872340426,0.8723404255319147,0.8212765957446809
chscase_vine2_did814,0.8632349576755891,0.8675131548844659,0.8398993365362617,0.8653854953099976,0.8226264012811713,0.493273850377488,0.4788377945550217,0.7174102036147334,0.8696408144589339,0.8696179363989934
climate-model-simulation-crashes_did1467,0.9074074074074072,0.9074074074074072,0.912962962962963,0.9148148148148147,0.9148148148148147,0.9074074074074072,0.9037037037037038,0.9222222222222222,0.912962962962963,0.9
covertype_seed_0_nrows_2000_nclasses_10_ncols_100_stratify_True_did44377,0.7055,0.7055,0.674,0.7185,0.662,0.7055,0.53,0.5980000000000001,0.704,0.6895
credit_did44345,0.614,0.614,0.675,0.679,0.5735,0.614,0.5559999999999999,0.5726666666666668,0.5960000000000001,0.5824999999999999
dataset_credit-g_did46532,0.71,0.71,0.6880000000000001,0.7250000000000001,0.695,0.711,0.645,0.6749999999999999,0.717,0.7
delta_ailerons_did803,0.9405,0.9405,0.94,0.945,0.9415,0.9405,0.8724999999999999,0.7953333333333333,0.941,0.9365
depression_2020_did46876,0.8159489633173843,0.8159489633173843,0.8138706907127959,0.825057048214943,0.8117580664949087,0.8159489633173843,0.8068580542264753,0.8187535271745799,0.8117605201815727,0.8103668261562997
diabetes_did37,0.717400899753841,0.717400899753841,0.7095577624989389,0.7642050759697818,0.7135302605890842,0.7135047958577371,0.6887700534759358,0.6991511756217638,0.7317205670146846,0.7448009506833037
disclosure_x_bias_did774,0.4970152654363181,0.4970152654363181,0.5014695830485304,0.530246069719754,0.5106060606060605,0.5030075187969925,0.5060833902939166,0.4969583048530417,0.5075871496924128,0.5015265436318067
dummy_did45604,0.937,0.937,0.922,0.9360000000000002,0.928,0.939,0.7829999999999999,0.875,0.9360000000000002,0.94
ecoli_did1011,0.9494293239683934,0.9494293239683934,0.94640035118525,0.973222124670764,0.9464442493415276,0.9494293239683934,0.9344161545215102,0.9642669007901667,0.9732660228270412,0.973222124670764
electricity_seed_0_nrows_2000_nclasses_10_ncols_100_stratify_True_did44372,0.7344999999999999,0.7344999999999999,0.7429999999999999,0.7245,0.7154999999999999,0.7344999999999999,0.6134999999999999,0.6646666666666666,0.7395,0.729
eye_movements_seed_0_nrows_2000_nclasses_10_ncols_100_stratify_True_did44423,0.5509999999999999,0.5509999999999999,0.5660000000000001,0.5700000000000001,0.533,0.5509999999999999,0.4915,0.538,0.5545,0.5409999999999999
football-player-position_did46764,0.817,0.817,0.8030000000000002,0.834,0.799,0.8154999999999999,0.589,0.7526666666666666,0.8195,0.8150000000000001
fri_c3_1000_25_did715,0.6319999999999999,0.6319999999999999,0.724,0.819,0.6980000000000001,0.632,0.5800000000000001,0.611,0.6380000000000001,0.629
glass_did1005,0.7617940199335548,0.7617940199335548,0.7666666666666667,0.7945736434108527,0.7802879291251383,0.7617940199335548,0.6640088593576966,0.7617940199335548,0.7710963455149501,0.7991140642303431
heart-statlog_did53,0.825925925925926,0.825925925925926,0.788888888888889,0.8407407407407408,0.837037037037037,0.825925925925926,0.7851851851851852,0.7777777777777777,0.8185185185185185,0.8333333333333334
hepatitis_c_virus_hcv_for_egyptian_patients_did46850,0.2649819494584837,0.2642599277978339,0.244043321299639,0.2736462093862816,0.2534296028880866,0.2635379061371841,0.2375451263537906,0.2750902527075812,0.2736462093862816,0.2642599277978339
house_16H_seed_0_nrows_2000_nclasses_10_ncols_100_stratify_True_did44387,0.8180000000000002,0.8180000000000002,0.7959999999999999,0.8105,0.798,0.8180000000000002,0.65,0.7526666666666666,0.8230000000000001,0.8074999999999999
ilpd-numeric_did41945,0.6655025051576775,0.6655025051576775,0.6535219569702327,0.715281461833186,0.6791924550545241,0.6655025051576775,0.679251399941055,0.6809755378720895,0.6638078396699086,0.6775419982316534
ionosphere_did59,0.8404426559356137,0.8404426559356137,0.7007645875251509,0.8888531187122736,0.8432193158953722,0.8404426559356137,0.755010060362173,0.8774245472837021,0.9145271629778672,0.8888531187122736
jEdit_4.2_4.3_did1048,0.6259903739355794,0.6259903739355794,0.5908552388004443,0.6504257682339875,0.6612736023694927,0.6259903739355794,0.6584968530174009,0.5960755275823768,0.6476860422065901,0.6151795631247685
jungle_chess_2pcs_raw_endgame_complete_seed_0_nrows_2000_nclasses_10_ncols_100_stratify_True_did44718,0.7549999999999999,0.7585000000000001,0.7405000000000002,0.7545,0.6865,0.7219999999999999,0.5765,0.6166666666666667,0.7545,0.7325000000000002
kc2_did1063,0.8199267399267398,0.8199267399267398,0.7931318681318682,0.841062271062271,0.839065934065934,0.8199267399267398,0.8467032967032967,0.839102564102564,0.8275824175824175,0.8275824175824175
kdd_ipums_la_97-small_seed_0_nrows_2000_nclasses_10_ncols_100_stratify_True_did44392,0.818,0.818,0.8234999999999999,0.8535,0.805,0.818,0.76,0.7846666666666667,0.8164999999999999,0.8160000000000001
machine_cpu_did733,0.9277584204413472,0.9277584204413472,0.8228803716608596,0.9521486643437862,0.91869918699187,0.9277584204413472,0.9281068524970963,0.9282229965156794,0.9229965156794424,0.91869918699187
maternal_health_risk_did46600,0.6715992781544164,0.6725844998292934,0.6755206555138272,0.7120128761644636,0.6745500658440229,0.6706091791445155,0.6844461786080085,0.6824415939130859,0.6774910988635809,0.663693118080281
mental_health_detection_did46879,0.4518518518518519,0.4555555555555555,0.4537037037037037,0.4555555555555555,0.4296296296296296,0.4555555555555555,0.4425925925925925,0.4666666666666667,0.4388888888888889,0.4055555555555555
mfeat-morphological_did962,0.9985,0.9985,0.998,0.9985,0.9985,0.9985,0.998,0.998,0.9985,0.9985
mu284_did880,0.9083959899749374,0.9083959899749374,0.8661654135338346,0.9929824561403509,0.9224937343358396,0.9083959899749374,0.831140350877193,0.9436716791979948,0.9330827067669172,0.9224937343358396
mw1_did1071,0.9181172839506172,0.9181172839506172,0.9230864197530864,0.9304938271604938,0.9230864197530864,0.9181172839506172,0.9081481481481484,0.9330555555555556,0.9230555555555554,0.915679012345679
no2_did886,0.5999999999999999,0.5999999999999999,0.568,0.6360000000000001,0.552,0.5999999999999999,0.4939999999999999,0.594,0.61,0.598
numerai28.6_seed_0_nrows_2000_nclasses_10_ncols_100_stratify_True_did44493,0.511,0.511,0.5035000000000001,0.5299999999999999,0.5235000000000001,0.511,0.4985,0.5406666666666667,0.496,0.509
oil_spill_did311,0.9669131869382184,0.9669131869382184,0.9658379792922972,0.9647912162930936,0.959443622710206,0.9669131869382184,0.9519854363408808,0.9679940835134828,0.9679883945841392,0.9647798384344066
pc4_did1049,0.8916466600762604,0.8916466600762604,0.8799887021607118,0.8916348914936686,0.8690062608859389,0.8923315915831097,0.8559572565080261,0.8902650284799698,0.8861530857223556,0.8889069340488632
phoneme_did1489,0.8470000000000001,0.8470000000000001,0.8425,0.8455,0.8265,0.8414999999999999,0.7569999999999999,0.7673333333333334,0.8470000000000001,0.8445
pm10_did750,0.542,0.542,0.542,0.5860000000000001,0.5619999999999999,0.55,0.482,0.55,0.5619999999999999,0.55
pol_seed_0_nrows_2000_nclasses_10_ncols_100_stratify_True_did44382,0.921,0.921,0.859,0.9425,0.909,0.921,0.891,0.9253333333333332,0.9315,0.9295
pollen_did871,0.962,0.962,0.962,0.962,0.962,0.962,0.9615,0.0,0.962,0.962
prnn_synth_did464,0.852,0.852,0.8240000000000001,0.8480000000000001,0.8400000000000001,0.7959999999999999,0.5680000000000001,0.712,0.852,0.8560000000000001
pwLinear_did721,0.8099999999999999,0.8099999999999999,0.75,0.86,0.7550000000000001,0.8,0.74,0.7050000000000001,0.82,0.8049999999999999
qsar-biodeg_did1494,0.8606635071090046,0.8606635071090046,0.8255924170616113,0.8625592417061612,0.842654028436019,0.8606635071090046,0.7440758293838863,0.8350710900473933,0.8654028436018958,0.8587677725118483
quake_did772,0.532,0.532,0.5175,0.54,0.5325,0.5135,0.5155000000000001,0.5066666666666666,0.5375,0.5275000000000001
rmftsa_sleepdata_did679,0.4990052606408417,0.5136537541846007,0.5097752271640363,0.5039167862266858,0.502907699665232,0.4257962697274031,0.4072118603538976,0.4365088474414155,0.5117216642754663,0.5224629363940698
seeds_did1499,0.9,0.9,0.8761904761904761,0.938095238095238,0.9047619047619048,0.9,0.8809523809523808,0.919047619047619,0.923809523809524,0.9142857142857144
segment_did958,0.9795,0.9795,0.994,0.9955,0.9865,0.9795,0.8595,0.986,0.9915,0.992
seismic-bumps_did1500,0.9,0.9,0.8761904761904761,0.938095238095238,0.9047619047619048,0.9,0.8809523809523808,0.919047619047619,0.923809523809524,0.9142857142857144
space_ga_did737,0.7795000000000001,0.7795000000000001,0.821,0.8285,0.794,0.7795000000000001,0.6605000000000001,0.7973333333333333,0.781,0.8145
stock_did841,0.9505263157894736,0.9505263157894736,0.9642105263157894,0.9673684210526317,0.9463157894736842,0.9505263157894736,0.8642105263157894,0.923157894736842,0.9589473684210528,0.9589473684210528
strikes_did770,0.8544,0.8544,0.9152,0.944,0.7936,0.8528,0.6352,0.7888,0.8464,0.8496
student_lifestyle_dataset_did46752,0.7950000000000002,0.7950000000000002,0.905,0.9695,0.7929999999999999,0.7950000000000002,0.638,0.7953333333333333,0.868,0.8265
sylvine_seed_0_nrows_2000_nclasses_10_ncols_100_stratify_True_did44678,0.7775,0.7775,0.7460000000000001,0.9005000000000001,0.7355,0.7775,0.5675,0.6093333333333334,0.796,0.764
thyroid-new_did40682,0.944186046511628,0.944186046511628,0.7255813953488371,0.9534883720930232,0.93953488372093,0.944186046511628,0.8651162790697674,0.9209302325581395,0.944186046511628,0.944186046511628
total_score_did46505,0.6120143745143746,0.6147921522921522,0.5785742035742036,0.6021853146853147,0.5800116550116551,0.6147921522921522,0.5077117327117328,0.5522144522144522,0.605011655011655,0.5980477855477856
user-knowledge_did1508,0.7891358024691357,0.7891358024691357,0.818888888888889,0.9380864197530864,0.7442901234567901,0.5630555555555554,0.5831172839506172,0.6229938271604938,0.791574074074074,0.7568827160493827
vehicle_did54,0.6761782109293422,0.6773407587887226,0.7021371388792204,0.7305186216498434,0.6584058475461191,0.6773407587887226,0.3853741733379742,0.661983988861817,0.693867037939436,0.7080542986425339
vertebra-column_did1523,0.7806451612903226,0.7709677419354838,0.6548387096774194,0.7838709677419354,0.7354838709677418,0.7709677419354838,0.6612903225806451,0.7516129032258064,0.7774193548387096,0.7709677419354838
vinnie_did860,0.8236842105263158,0.8263157894736842,0.8342105263157895,0.8526315789473685,0.8236842105263158,0.8263157894736842,0.8105263157894737,0.6552631578947368,0.8342105263157894,0.8263157894736842
visualizing_galaxy_did925,0.941153846153846,0.941153846153846,0.9133173076923076,0.9597596153846156,0.9566346153846156,0.941153846153846,0.8853365384615385,0.8978846153846154,0.9442307692307692,0.9504326923076925
volcanoes-a1_did1527,0.9135,0.9105,0.913,0.9145,0.9085,0.905,0.9095,0.8926666666666666,0.915,0.912
wall-robot-navigation_did1525,0.972,0.9735,0.9765,0.9760000000000002,0.9625,0.8085000000000001,0.7114999999999999,0.826,0.972,0.977
waveform_did47155,0.7849999999999999,0.7849999999999999,0.7424999999999999,0.8049999999999999,0.7887500000000001,0.7837500000000001,0.50625,0.7787499999999999,0.7874999999999999,0.78875
wdbc_did1510,0.9666200900481292,0.9666200900481292,0.9208973761838224,0.9718987734823784,0.9525694767893184,0.9666200900481292,0.9191740412979352,0.9437820214252446,0.9578326346840552,0.9595870206489676
wilt_did40983,0.9625,0.9625,0.9815,0.967,0.966,0.9625,0.9635,0.9486666666666668,0.962,0.972
wine_did43980,0.757,0.757,0.743,0.7555,0.7345,0.7535000000000001,0.674,0.9026666666666664,0.7565000000000001,0.7539999999999999
